"instanceName","evals","initialTime","timeUntilImprovement","difference"
"f2inter-100-m2const-bufcount-big-1-1-normal",5049,2845,3505,660
"f2inter-100-m2const-bufcount-big-1-2-normal",5049,2845,4795,1950
"f2inter-100-m2const-bufcount-big-1-3-normal",5049,2845,26715,23870
"f2inter-100-m2const-bufcount-mid-1-1-normal",5049,2845,3245,400
"f2inter-100-m2const-bufcount-mid-1-2-normal",5049,2845,32265,29420
"f2inter-100-m2const-bufcount-mid-1-3-normal",5049,2845,3785,940
"f2inter-100-m2const-bufcount-small-1-1-normal",5049,2845,7065,4220
"f2inter-100-m2const-bufcount-small-1-2-normal",5049,2845,2845,0
"f2inter-100-m2const-bufcount-small-1-3-normal",5049,2845,4995,2150
"f2inter-100-m2const-bufm1-big-67-3-normal",5049,2845,2905,60
"f2inter-100-m2const-bufm1-big-69-2-normal",5049,2845,6105,3260
"f2inter-100-m2const-bufm1-big-70-1-normal",5049,2845,Inf,Inf
"f2inter-100-m2const-bufm1-mid-41-2-normal",5049,2845,5135,2290
"f2inter-100-m2const-bufm1-mid-42-3-normal",5049,2845,6595,3750
"f2inter-100-m2const-bufm1-mid-43-1-normal",5049,2845,5315,2470
"f2inter-100-m2const-bufm1-small-17-2-normal",5049,2845,2955,110
"f2inter-100-m2const-bufm1-small-18-1-normal",5049,2845,32315,29470
"f2inter-100-m2const-bufm1-small-20-3-normal",5049,2845,7565,4720
"f2inter-150-m2const-bufcount-big-1-1-normal",11324,5979,8939,2960
"f2inter-150-m2const-bufcount-big-1-2-normal",11324,5979,7049,1070
"f2inter-150-m2const-bufcount-big-1-3-normal",11324,5979,8939,2960
"f2inter-150-m2const-bufcount-mid-1-1-normal",11324,5979,28789,22810
"f2inter-150-m2const-bufcount-mid-1-2-normal",11324,5979,11259,5280
"f2inter-150-m2const-bufcount-mid-1-3-normal",11324,5979,8879,2900
"f2inter-150-m2const-bufcount-small-1-1-normal",11324,5979,10229,4250
"f2inter-150-m2const-bufcount-small-1-2-normal",11324,5979,8789,2810
"f2inter-150-m2const-bufcount-small-1-3-normal",11324,5979,10809,4830
"f2inter-150-m2const-bufm1-big-69-2-normal",11324,5979,9679,3700
"f2inter-150-m2const-bufm1-big-69-3-normal",11324,5979,32149,26170
"f2inter-150-m2const-bufm1-big-70-1-normal",11324,5979,30729,24750
"f2inter-150-m2const-bufm1-mid-43-1-normal",11324,5979,14159,8180
"f2inter-150-m2const-bufm1-mid-43-2-normal",11324,5979,52619,46640
"f2inter-150-m2const-bufm1-mid-46-3-normal",11324,5979,29949,23970
"f2inter-150-m2const-bufm1-small-19-2-normal",11324,5979,21869,15890
"f2inter-150-m2const-bufm1-small-20-3-normal",11324,5979,35889,29910
"f2inter-150-m2const-bufm1-small-21-1-normal",11324,5979,12159,6180
"f2inter-50-m2const-bufcount-big-1-1-normal",1274,939,939,0
"f2inter-50-m2const-bufcount-big-1-2-normal",1274,939,939,0
"f2inter-50-m2const-bufcount-big-1-3-normal",1274,939,939,0
"f2inter-50-m2const-bufcount-mid-1-1-normal",1274,939,7579,6640
"f2inter-50-m2const-bufcount-mid-1-2-normal",1274,939,1569,630
"f2inter-50-m2const-bufcount-mid-1-3-normal",1274,939,2439,1500
"f2inter-50-m2const-bufcount-small-1-1-normal",1274,939,1289,350
"f2inter-50-m2const-bufcount-small-1-2-normal",1274,939,1659,720
"f2inter-50-m2const-bufcount-small-1-3-normal",1274,939,1269,330
"f2inter-50-m2const-bufm1-big-71-1-normal",1274,939,4359,3420
"f2inter-50-m2const-bufm1-big-71-2-normal",1274,939,5709,4770
"f2inter-50-m2const-bufm1-big-71-3-normal",1274,939,Inf,Inf
"f2inter-50-m2const-bufm1-mid-43-1-normal",1274,939,1489,550
"f2inter-50-m2const-bufm1-mid-44-2-normal",1274,939,5049,4110
"f2inter-50-m2const-bufm1-mid-44-3-normal",1274,939,3429,2490
"f2inter-50-m2const-bufm1-small-13-1-normal",1274,939,1509,570
"f2inter-50-m2const-bufm1-small-20-2-normal",1274,939,4549,3610
"f2inter-50-m2const-bufm1-small-21-3-normal",1274,939,11039,10100
"f2total-100-m2const-bufcount-big-3-1-normal",5049,2845,4285,1440
"f2total-100-m2const-bufcount-big-3-2-normal",5049,2845,4515,1670
"f2total-100-m2const-bufcount-big-3-3-normal",5049,2845,26325,23480
"f2total-100-m2const-bufcount-mid-3-1-normal",5049,2845,3245,400
"f2total-100-m2const-bufcount-mid-3-2-normal",5049,2845,38795,35950
"f2total-100-m2const-bufcount-mid-3-3-normal",5049,2845,3685,840
"f2total-100-m2const-bufcount-small-3-1-normal",5049,2845,7035,4190
"f2total-100-m2const-bufcount-small-3-2-normal",5049,2845,2845,0
"f2total-100-m2const-bufcount-small-3-3-normal",5049,2845,4985,2140
"f2total-100-m2const-bufm1-big-170-1-normal",5049,2845,2845,0
"f2total-100-m2const-bufm1-big-171-2-normal",5049,2845,2845,0
"f2total-100-m2const-bufm1-big-177-3-normal",5049,2845,2845,0
"f2total-100-m2const-bufm1-mid-115-1-normal",5049,2845,2845,0
"f2total-100-m2const-bufm1-mid-121-3-normal",5049,2845,2845,0
"f2total-100-m2const-bufm1-mid-122-2-normal",5049,2845,2845,0
"f2total-100-m2const-bufm1-small-64-2-normal",5049,2845,2845,0
"f2total-100-m2const-bufm1-small-71-1-normal",5049,2845,2845,0
"f2total-100-m2const-bufm1-small-75-3-normal",5049,2845,3835,990
"f2total-150-m2const-bufcount-big-3-1-normal",11324,5979,8939,2960
"f2total-150-m2const-bufcount-big-3-2-normal",11324,5979,7319,1340
"f2total-150-m2const-bufcount-big-3-3-normal",11324,5979,9179,3200
"f2total-150-m2const-bufcount-mid-3-1-normal",11324,5979,24199,18220
"f2total-150-m2const-bufcount-mid-3-2-normal",11324,5979,11309,5330
"f2total-150-m2const-bufcount-mid-3-3-normal",11324,5979,10209,4230
"f2total-150-m2const-bufcount-small-3-1-normal",11324,5979,10979,5000
"f2total-150-m2const-bufcount-small-3-2-normal",11324,5979,8639,2660
"f2total-150-m2const-bufcount-small-3-3-normal",11324,5979,11299,5320
"f2total-150-m2const-bufm1-big-170-3-normal",11324,5979,5979,0
"f2total-150-m2const-bufm1-big-174-1-normal",11324,5979,5979,0
"f2total-150-m2const-bufm1-big-179-2-normal",11324,5979,5979,0
"f2total-150-m2const-bufm1-mid-119-1-normal",11324,5979,5979,0
"f2total-150-m2const-bufm1-mid-125-2-normal",11324,5979,5979,0
"f2total-150-m2const-bufm1-mid-133-3-normal",11324,5979,5979,0
"f2total-150-m2const-bufm1-small-68-3-normal",11324,5979,5979,0
"f2total-150-m2const-bufm1-small-71-2-normal",11324,5979,5979,0
"f2total-150-m2const-bufm1-small-76-1-normal",11324,5979,5979,0
"f2total-50-m2const-bufcount-big-3-1-normal",1274,939,939,0
"f2total-50-m2const-bufcount-big-3-2-normal",1274,939,939,0
"f2total-50-m2const-bufcount-big-3-3-normal",1274,939,939,0
"f2total-50-m2const-bufcount-mid-3-1-normal",1274,939,11199,10260
"f2total-50-m2const-bufcount-mid-3-2-normal",1274,939,1389,450
"f2total-50-m2const-bufcount-mid-3-3-normal",1274,939,2919,1980
"f2total-50-m2const-bufcount-small-3-1-normal",1274,939,1289,350
"f2total-50-m2const-bufcount-small-3-2-normal",1274,939,1369,430
"f2total-50-m2const-bufcount-small-3-3-normal",1274,939,1199,260
"f2total-50-m2const-bufm1-big-166-3-normal",1274,939,939,0
"f2total-50-m2const-bufm1-big-171-2-normal",1274,939,939,0
"f2total-50-m2const-bufm1-big-174-1-normal",1274,939,939,0
"f2total-50-m2const-bufm1-mid-111-1-normal",1274,939,939,0
"f2total-50-m2const-bufm1-mid-114-3-normal",1274,939,939,0
"f2total-50-m2const-bufm1-mid-121-2-normal",1274,939,939,0
"f2total-50-m2const-bufm1-small-67-1-normal",1274,939,939,0
"f2total-50-m2const-bufm1-small-69-3-normal",1274,939,959,20
"f2total-50-m2const-bufm1-small-74-2-normal",1274,939,939,0
