instanceName,meanTime,evals,quality
f2inter-100-m2const-bufcount-big-1-1-normal,11.057599,5049,7709
f2inter-100-m2const-bufcount-big-1-2-normal,10.996627,5049,7574
f2inter-100-m2const-bufcount-big-1-3-normal,10.850334,5049,7551
f2inter-100-m2const-bufcount-mid-1-1-normal,7.6982209,5049,5028
f2inter-100-m2const-bufcount-mid-1-2-normal,7.8025029,5049,5023
f2inter-100-m2const-bufcount-mid-1-3-normal,7.7292246,5049,5027
f2inter-100-m2const-bufcount-small-1-1-normal,4.6899964,5049,2578
f2inter-100-m2const-bufcount-small-1-2-normal,4.4990926,5049,2501
f2inter-100-m2const-bufcount-small-1-3-normal,4.7637403,5049,2673
f2inter-100-m2const-bufm1-big-67-3-normal,10.958309,5049,7685
f2inter-100-m2const-bufm1-big-69-2-normal,10.885621,5049,7687
f2inter-100-m2const-bufm1-big-70-1-normal,11.052755,5049,7749
f2inter-100-m2const-bufm1-mid-41-2-normal,7.8486927,5049,5167
f2inter-100-m2const-bufm1-mid-42-3-normal,7.7581627,5049,5137
f2inter-100-m2const-bufm1-mid-43-1-normal,7.7206783,5049,5104
f2inter-100-m2const-bufm1-small-17-2-normal,4.5508206,5049,2600
f2inter-100-m2const-bufm1-small-18-1-normal,4.7679648,5049,2652
f2inter-100-m2const-bufm1-small-20-3-normal,4.745813,5049,2703
f2inter-150-m2const-bufcount-big-1-1-normal,36.774132,11324,11541
f2inter-150-m2const-bufcount-big-1-2-normal,36.386051,11324,11306
f2inter-150-m2const-bufcount-big-1-3-normal,37.092445,11324,11505
f2inter-150-m2const-bufcount-mid-1-1-normal,26.025392,11324,7533
f2inter-150-m2const-bufcount-mid-1-2-normal,26.36482,11324,7698
f2inter-150-m2const-bufcount-mid-1-3-normal,26.432823,11324,7784
f2inter-150-m2const-bufcount-small-1-1-normal,16.133139,11324,4052
f2inter-150-m2const-bufcount-small-1-2-normal,15.642406,11324,3778
f2inter-150-m2const-bufcount-small-1-3-normal,15.824061,11324,3926
f2inter-150-m2const-bufm1-big-69-2-normal,36.288607,11324,11442
f2inter-150-m2const-bufm1-big-69-3-normal,37.271049,11324,11560
f2inter-150-m2const-bufm1-big-70-1-normal,36.934059,11324,11586
f2inter-150-m2const-bufm1-mid-43-1-normal,26.099197,11324,7676
f2inter-150-m2const-bufm1-mid-43-2-normal,26.740096,11324,7813
f2inter-150-m2const-bufm1-mid-46-3-normal,26.508375,11324,7806
f2inter-150-m2const-bufm1-small-19-2-normal,15.722482,11324,3894
f2inter-150-m2const-bufm1-small-20-3-normal,15.950878,11324,3995
f2inter-150-m2const-bufm1-small-21-1-normal,16.127653,11324,4097
f2inter-50-m2const-bufcount-big-1-1-normal,1.3955833,1274,3929
f2inter-50-m2const-bufcount-big-1-2-normal,1.3936144,1274,3925
f2inter-50-m2const-bufcount-big-1-3-normal,1.3719342,1274,3886
f2inter-50-m2const-bufcount-mid-1-1-normal,0.96061876,1274,2523
f2inter-50-m2const-bufcount-mid-1-2-normal,0.96279666,1274,2555
f2inter-50-m2const-bufcount-mid-1-3-normal,0.95745596,1274,2535
f2inter-50-m2const-bufcount-small-1-1-normal,0.55865959,1274,1254
f2inter-50-m2const-bufcount-small-1-2-normal,0.58853449,1274,1347
f2inter-50-m2const-bufcount-small-1-3-normal,0.57889386,1274,1357
f2inter-50-m2const-bufm1-big-71-1-normal,1.3911795,1274,3944
f2inter-50-m2const-bufm1-big-71-2-normal,1.3955546,1274,3937
f2inter-50-m2const-bufm1-big-71-3-normal,1.376067,1274,3896
f2inter-50-m2const-bufm1-mid-43-1-normal,0.96390091,1274,2565
f2inter-50-m2const-bufm1-mid-44-2-normal,0.96449954,1274,2595
f2inter-50-m2const-bufm1-mid-44-3-normal,0.96161225,1274,2581
f2inter-50-m2const-bufm1-small-13-1-normal,0.55740465,1274,1314
f2inter-50-m2const-bufm1-small-20-2-normal,0.58069933,1274,1356
f2inter-50-m2const-bufm1-small-21-3-normal,0.57997916,1274,1367
f2total-100-m2const-bufcount-big-3-1-normal,12.164765,5049,7709
f2total-100-m2const-bufcount-big-3-2-normal,11.785192,5049,7574
f2total-100-m2const-bufcount-big-3-3-normal,11.784309,5049,7551
f2total-100-m2const-bufcount-mid-3-1-normal,8.3610835,5049,5028
f2total-100-m2const-bufcount-mid-3-2-normal,8.7082816,5049,5023
f2total-100-m2const-bufcount-mid-3-3-normal,8.549684,5049,5027
f2total-100-m2const-bufcount-small-3-1-normal,5.8004473,5049,2578
f2total-100-m2const-bufcount-small-3-2-normal,5.1742304,5049,2501
f2total-100-m2const-bufcount-small-3-3-normal,5.9559639,5049,2673
f2total-100-m2const-bufm1-big-170-1-normal,14.210163,5049,7997
f2total-100-m2const-bufm1-big-171-2-normal,13.40539,5049,7939
f2total-100-m2const-bufm1-big-177-3-normal,12.884329,5049,7934
f2total-100-m2const-bufm1-mid-115-1-normal,9.9511639,5049,5343
f2total-100-m2const-bufm1-mid-121-3-normal,10.123451,5049,5407
f2total-100-m2const-bufm1-mid-122-2-normal,10.739542,5049,5495
f2total-100-m2const-bufm1-small-64-2-normal,6.6538203,5049,2801
f2total-100-m2const-bufm1-small-71-1-normal,6.9668599,5049,2888
f2total-100-m2const-bufm1-small-75-3-normal,6.4056707,5049,2766
f2total-150-m2const-bufcount-big-3-1-normal,40.713211,11324,11541
f2total-150-m2const-bufcount-big-3-2-normal,38.989913,11324,11306
f2total-150-m2const-bufcount-big-3-3-normal,41.446374,11324,11505
f2total-150-m2const-bufcount-mid-3-1-normal,28.723612,11324,7533
f2total-150-m2const-bufcount-mid-3-2-normal,30.917955,11324,7698
f2total-150-m2const-bufcount-mid-3-3-normal,30.307683,11324,7784
f2total-150-m2const-bufcount-small-3-1-normal,20.656127,11324,4052
f2total-150-m2const-bufcount-small-3-2-normal,18.701958,11324,3778
f2total-150-m2const-bufcount-small-3-3-normal,20.109876,11324,3926
f2total-150-m2const-bufm1-big-170-3-normal,50.889731,11324,12058
f2total-150-m2const-bufm1-big-174-1-normal,44.743633,11324,11955
f2total-150-m2const-bufm1-big-179-2-normal,42.384892,11324,11800
f2total-150-m2const-bufm1-mid-119-1-normal,33.496927,11324,8076
f2total-150-m2const-bufm1-mid-125-2-normal,35.821525,11324,8267
f2total-150-m2const-bufm1-mid-133-3-normal,32.36394,11324,8165
f2total-150-m2const-bufm1-small-68-3-normal,24.715816,11324,4340
f2total-150-m2const-bufm1-small-71-2-normal,21.967705,11324,4224
f2total-150-m2const-bufm1-small-76-1-normal,16.729995,11324,4350
f2total-50-m2const-bufcount-big-3-1-normal,1.4747412,1274,3929
f2total-50-m2const-bufcount-big-3-2-normal,1.4645442,1274,3925
f2total-50-m2const-bufcount-big-3-3-normal,1.4611202,1274,3886
f2total-50-m2const-bufcount-mid-3-1-normal,1.0105931,1274,2523
f2total-50-m2const-bufcount-mid-3-2-normal,1.01987614,1274,2555
f2total-50-m2const-bufcount-mid-3-3-normal,1.0166564,1274,2535
f2total-50-m2const-bufcount-small-3-1-normal,0.60888925,1274,1254
f2total-50-m2const-bufcount-small-3-2-normal,0.66947731,1274,1347
f2total-50-m2const-bufcount-small-3-3-normal,0.66194903,1274,1357
f2total-50-m2const-bufm1-big-166-3-normal,1.6936035,1274,4021
f2total-50-m2const-bufm1-big-171-2-normal,1.6347194,1274,4052
f2total-50-m2const-bufm1-big-174-1-normal,1.6295972,1274,4058
f2total-50-m2const-bufm1-mid-111-1-normal,1.2314662,1274,2691
f2total-50-m2const-bufm1-mid-114-3-normal,1.1855774,1274,2713
f2total-50-m2const-bufm1-mid-121-2-normal,1.1151214,1274,2716
f2total-50-m2const-bufm1-small-67-1-normal,0.60370352,1274,1415
f2total-50-m2const-bufm1-small-69-3-normal,0.59765703,1274,1447
f2total-50-m2const-bufm1-small-74-2-normal,0.60938736,1274,1440
